,Power,Temp_2m,RelHum_2m,DP_2m,WS_10m,WS_100m,WD_10m,WD_100m,WG_10m,wind_speed_difference_100m_10m,wind_speed_100m_cubed
Power,1.0,-0.14224384043469715,-0.045171270123063656,-0.15232330303860575,0.591891980052593,0.6480889969513407,0.13766559530795142,0.1464901177826181,0.5974489844041898,0.5668901166852853,0.5211715572977788
Temp_2m,-0.14224384043469715,1.0,-0.15554032284157482,0.9462649760586719,-0.12309510969407962,-0.16430414463083962,-0.15736733695893912,-0.15509539869881547,-0.006529151853798783,-0.18338448913855826,-0.14843751875437883
RelHum_2m,-0.045171270123063656,-0.15554032284157482,1.0,0.1674238509633159,-0.15343488365597505,-0.027209019320851603,-0.11189509440628276,-0.11864217042786045,-0.2637412640410506,0.16537262333484196,-0.03427663599379556
DP_2m,-0.15232330303860575,0.9462649760586719,0.1674238509633159,1.0,-0.17214903127980238,-0.17000272854248025,-0.19235883350873667,-0.19219336328202008,-0.09163108760432685,-0.12385841243971382,-0.15798334002942116
WS_10m,0.591891980052593,-0.12309510969407962,-0.15343488365597505,-0.17214903127980238,1.0,0.9323163775167641,0.14547219131655756,0.1527923562243613,0.9280898693362181,0.5969967270894185,0.8521627297829675
WS_100m,0.6480889969513407,-0.16430414463083962,-0.027209019320851603,-0.17000272854248025,0.9323163775167641,1.0,0.15082413076227202,0.161216063684677,0.8298309502491299,0.8467162026830592,0.8628296088662852
WD_10m,0.13766559530795142,-0.15736733695893912,-0.11189509440628276,-0.19235883350873667,0.14547219131655756,0.15082413076227202,1.0,0.9134193770017013,0.14205381875211795,0.12056059581851211,0.131856632216847
WD_100m,0.1464901177826181,-0.15509539869881547,-0.11864217042786045,-0.19219336328202008,0.1527923562243613,0.161216063684677,0.9134193770017013,1.0,0.15092704532311407,0.13284397477281681,0.13751779089223795
WG_10m,0.5974489844041898,-0.006529151853798783,-0.2637412640410506,-0.09163108760432685,0.9280898693362181,0.8298309502491299,0.14205381875211795,0.15092704532311407,1.0,0.47544373712385757,0.7557748927033204
wind_speed_difference_100m_10m,0.5668901166852853,-0.18338448913855826,0.16537262333484196,-0.12385841243971382,0.5969967270894185,0.8467162026830592,0.12056059581851211,0.13284397477281681,0.47544373712385757,1.0,0.6603483915224835
wind_speed_100m_cubed,0.5211715572977788,-0.14843751875437883,-0.03427663599379556,-0.15798334002942116,0.8521627297829675,0.8628296088662852,0.131856632216847,0.13751779089223795,0.7557748927033204,0.6603483915224835,1.0
