key,farm,country,cap_op_MW,cap_2050_MW,turb_type,hub_z_m,lat,lon,grid_ix,grid_iy,grid_lat,grid_lon
belwind,Belwind,BE,165.0,165.0,V90-3.0,72,51.6688,2.8045,41.0,58.0,51.6761,2.7988
future001,Future_001,BE,,855.0,IEA15,150,51.4873,2.8274,42.0,50.0,51.4955,2.8237
future002,Future_002,BE,,195.0,IEA15,150,51.579,2.8531,43.0,54.0,51.5844,2.8655
nobelwindeast,Nobelwind (east),BE,132.0,132.0,V112-3.3,72,51.6566,2.8293,42.0,57.0,51.6527,2.8336
nobelwindwest,Nobelwind (west),BE,33.0,33.0,V112-3.3,72,51.6789,2.7873,41.0,58.0,51.6761,2.7988
noordhindernoord,Noordhinder Noord,BE,,705.0,IEA15,150,51.6164,2.5601,35.0,55.0,51.6137,2.5775
noordhinderzuid,Noordhinder Zuid,BE,,1395.0,IEA15,150,51.4712,2.4464,32.0,49.0,51.4812,2.4616
norther,Norther,BE,359.6,359.6,V164-8.0,105,51.5269,3.0132,47.0,52.0,51.5359,3.0071
northwester2,Northwester 2,BE,193.2,193.2,V164-8.0,105,51.6865,2.7526,40.0,58.0,51.6769,2.7626
northwind,Northwind,BE,216.0,216.0,V112_ECN,71,51.616,2.9052,44.0,55.0,51.606,2.9031
rentel,Rentel,BE,252.0,252.0,REF-6.0,106,51.5914,2.9445,45.0,54.0,51.5826,2.9378
seamademermaid,Seamade (Mermaid),BE,240.0,240.0,DTU10,119,51.7186,2.7405,39.0,60.0,51.7227,2.7291
seamadeseastar,Seamade (Seastar),BE,240.0,250.0,DTU10,119,51.6342,2.8617,43.0,56.0,51.6294,2.8684
thorntonbanki,Thornton Bank I,BE,178.8,178.8,Multiple,95,51.5391,2.922,45.0,52.0,51.5377,2.9348
thorntonbankii,Thornton Bank II,BE,147.6,147.6,Senvion-6.2,95,51.5632,2.985,46.0,53.0,51.5593,2.9724
albatros,Albatros,DE,96.0,96.0,REF-6.0,105,54.486,6.249,125.0,188.0,54.4753,6.2406
alphaventus,Alpha Ventus,DE,60.0,60.0,Senvion-5,90,54.0108,6.6069,136.0,168.0,54.0057,6.5937
amrumbankwest,Amrumbank West,DE,288.0,288.0,SWT-3.6-120,90,54.523,7.7057,162.0,194.0,54.5294,7.688
bardoffshore,BARD Offshore,DE,400.0,400.0,Senvion-5,90,54.3554,5.9809,119.0,182.0,54.3524,5.9902
borkumriffgrundi,Borkum Riffgrund I,DE,312.0,312.0,SWT-4.0-120,87,53.9674,6.5541,135.0,166.0,53.963,6.5487
borkumriffgrundiie,Borkum Riffgrund II (E),DE,40.0,40.0,REF-8.0,105,53.9831,6.6094,137.0,167.0,53.9813,6.6282
borkumriffgrundiiw,Borkum Riffgrund II (W),DE,408.0,408.0,REF-8.0,105,53.9506,6.484,133.0,165.0,53.9446,6.4691
butendiek,Butendiek,DE,288.0,288.0,SWT-3.6-120,91,55.0176,7.774,162.0,216.0,55.0208,7.7796
dantysk,DanTysk,DE,288.0,288.0,SWT-3.6-120,88,55.1372,7.2008,147.0,220.0,55.1451,7.2104
deutschebucht,Deutsche Bucht,DE,248.0,248.0,V164-8.0,105,54.3054,5.7929,114.0,180.0,54.3167,5.7918
enbwhedreiht,EnBW He Dreiht,DE,,500.0,DTU10,119,54.3652,6.1865,124.0,183.0,54.3653,6.1855
future003,Future_003,DE,,480.0,IEA15,150,54.4276,5.7454,112.0,185.0,54.4323,5.7303
future004,Future_004,DE,,180.0,IEA15,150,54.512,6.2772,126.0,190.0,54.5181,6.2858
future005,Future_005,DE,,120.0,IEA15,150,54.3224,6.2071,125.0,181.0,54.3186,6.2173
future006,Future_006,DE,,495.0,IEA15,150,54.5351,5.8934,116.0,190.0,54.537,5.9
future007,Future_007,DE,,405.0,IEA15,150,54.4753,5.8707,115.0,187.0,54.4717,5.852
future008,Future_008,DE,,375.0,IEA15,150,54.2685,5.948,118.0,178.0,54.2646,5.9391
future009,Future_009,DE,,330.0,IEA15,150,54.6649,6.0113,118.0,196.0,54.6677,5.9965
future010,Future_010,DE,,150.0,IEA15,150,54.8355,6.1729,122.0,204.0,54.8392,6.1779
future011,Future_011,DE,,480.0,IEA15,150,54.7836,6.1278,121.0,201.0,54.774,6.1291
future012,Future_012,DE,,285.0,IEA15,150,54.7541,6.2161,123.0,200.0,54.7478,6.2034
future013,Future_013,DE,,495.0,IEA15,150,54.8729,6.334,126.0,206.0,54.8762,6.3401
future014,Future_014,DE,,540.0,IEA15,150,54.8089,6.3683,127.0,203.0,54.8071,6.3687
future015,Future_015,DE,,345.0,IEA15,150,54.873,6.2273,123.0,206.0,54.882,6.2235
future016,Future_016,DE,,375.0,IEA15,150,54.285,6.225,125.0,180.0,54.2962,6.214
future017,Future_017,DE,,285.0,IEA15,150,54.612,6.0714,120.0,194.0,54.6192,6.0674
future018,Future_018,DE,,615.0,IEA15,150,55.0912,6.4685,128.0,216.0,55.0959,6.4528
future019,Future_019,DE,,120.0,IEA15,150,54.712,6.2455,124.0,199.0,54.7234,6.2388
future020,Future_020,DE,,1155.0,IEA15,150,54.7222,6.3823,128.0,199.0,54.7156,6.3938
future021,Future_021,DE,,390.0,IEA15,150,54.9934,6.3309,125.0,211.0,54.99,6.3183
future022,Future_022,DE,,375.0,IEA15,150,55.0393,6.4066,127.0,213.0,55.0308,6.4032
future023,Future_023,DE,,315.0,IEA15,150,55.1071,6.5447,130.0,217.0,55.1143,6.5345
future024,Future_024,DE,,345.0,IEA15,150,55.1789,6.5443,130.0,220.0,55.1814,6.5451
future025,Future_025,DE,,600.0,IEA15,150,55.1871,7.1274,145.0,222.0,55.1942,7.14
future026,Future_026,DE,,390.0,IEA15,150,54.6039,5.9522,117.0,193.0,54.6024,5.9482
future027,Future_027,DE,,315.0,IEA15,150,54.5508,6.0381,120.0,191.0,54.552,6.0576
future028,Future_028,DE,,225.0,IEA15,150,54.4483,6.542,133.0,187.0,54.437,6.5452
future029,Future_029,DE,,1485.0,IEA15,150,54.3953,6.6672,136.0,185.0,54.3861,6.6535
future030,Future_030,DE,,450.0,IEA15,150,54.3796,6.87,142.0,185.0,54.3735,6.8839
future031,Future_031,DE,,495.0,IEA15,150,54.3173,6.5432,133.0,182.0,54.3251,6.5277
future032,Future_032,DE,,540.0,IEA15,150,54.2831,6.7363,139.0,181.0,54.2904,6.7543
future033,Future_033,DE,,585.0,IEA15,150,54.2805,6.9103,143.0,181.0,54.2819,6.9076
future034,Future_034,DE,,705.0,IEA15,150,54.4391,7.4299,156.0,189.0,54.4318,7.437
future035,Future_035,DE,,600.0,IEA15,150,54.6558,6.6785,136.0,197.0,54.6546,6.6964
future036,Future_036,DE,,600.0,IEA15,150,54.5831,6.6512,135.0,194.0,54.5895,6.647
future037,Future_037,DE,,240.0,IEA15,150,54.2629,6.1683,124.0,178.0,54.2533,6.1691
future038,Future_038,DE,,285.0,IEA15,150,54.2691,6.3033,127.0,179.0,54.2699,6.2874
future039,Future_039,DE,,240.0,IEA15,150,55.2141,6.8782,138.0,222.0,55.2094,6.8658
future040,Future_040,DE,,1020.0,IEA15,150,54.9888,5.5942,107.0,209.0,54.9786,5.6097
future041,Future_041,DE,,585.0,IEA15,150,55.1952,5.2051,96.0,218.0,55.1986,5.2056
future042,Future_042,DE,,930.0,IEA15,150,54.6347,5.1032,95.0,193.0,54.6401,5.097
future044,Future_044,DE,,240.0,DTU10,119,54.0474,6.2342,126.0,169.0,54.048,6.216
future045,Future_045,DE,,110.0,DTU10,119,54.0305,6.1599,125.0,168.0,54.0275,6.1746
future046,Future_046,DE,,30.0,DTU10,119,54.0171,7.1187,150.0,170.0,54.0206,7.134
future047,Future_047,DE,,10.0,DTU10,119,54.0894,7.1039,149.0,173.0,54.0899,7.1072
future048,Future_048,DE,,230.0,DTU10,119,54.0438,7.077,148.0,171.0,54.0474,7.0616
future049,Future_049,DE,,330.0,DTU10,119,55.0559,6.9333,140.0,215.0,55.0487,6.9178
future051,Future_051,DE,,480.0,DTU10,119,54.6047,6.173,123.0,194.0,54.6135,6.1834
future052,Future_052,DE,,230.0,DTU10,119,54.0686,6.8947,144.0,172.0,54.0784,6.9128
future053,Future_053,DE,,270.0,DTU10,119,54.0281,6.8485,143.0,170.0,54.0358,6.8674
future054,Future_054,DE,,20.0,DTU10,119,54.0876,6.7729,140.0,172.0,54.0869,6.7603
future055,Future_055,DE,,50.0,DTU10,119,55.0959,6.9191,140.0,217.0,55.0934,6.9253
future056,Future_056,DE,,130.0,DTU10,119,54.0377,6.7659,140.0,170.0,54.0422,6.7531
future057,Future_057,DE,,80.0,DTU10,119,54.0407,6.7797,141.0,170.0,54.04,6.7912
future058,Future_058,DE,,20.0,DTU10,119,54.5565,6.35,128.0,192.0,54.5589,6.3698
future060,Future_060,DE,,80.0,DTU10,119,54.056,6.1273,124.0,169.0,54.0518,6.1397
future061,Future_061,DE,,20.0,DTU10,119,54.0701,6.2719,127.0,170.0,54.0684,6.2574
globaltechi,Global Tech I,DE,400.0,400.0,Senvion-5,90,54.509,6.3649,128.0,190.0,54.5142,6.363
godewind1,Gode Wind 1,DE,330.0,330.0,REF-6.0,110,54.0161,6.985,146.0,169.0,54.007,6.978
godewindii,Gode Wind II,DE,252.0,252.0,REF-6.0,110,54.0758,7.0077,146.0,172.0,54.0741,6.9891
hohesee,Hohe See,DE,426.0,426.0,REF-6.0,105,54.4434,6.33,127.0,187.0,54.449,6.3143
kaskasi,Kaskasi,DE,,140.0,DTU10,119,54.4903,7.699,162.0,192.0,54.4848,7.6798
meerwindsudost,Meerwind Sud/Ost,DE,288.0,288.0,SWT-3.6-120,89,54.3922,7.7042,163.0,188.0,54.393,7.7018
merkur,Merkur,DE,396.0,396.0,Haliade-6,103,54.0431,6.5538,135.0,170.0,54.0525,6.5625
nordseeone,Nordsee One,DE,332.1,332.1,Senvion-6.2,100,53.9817,6.8175,142.0,167.0,53.9708,6.8185
nordseeost,Nordsee Ost,DE,295.2,295.2,Senvion-6.2,97,54.4445,7.6825,162.0,190.0,54.4401,7.6716
riffgat,Riffgat,DE,108.0,108.0,SWT-3.6-120,90,53.6924,6.4755,134.0,154.0,53.6964,6.4696
sandbankn,Sand Bank (N),DE,124.0,124.0,SWT-4.0-130,95,55.2583,6.8295,137.0,224.0,55.2563,6.8341
sandbanks,Sandbank (S),DE,164.0,164.0,SWT-4.0-130,95,55.1575,6.8692,138.0,220.0,55.1647,6.8584
trianelborkum2e,Trianel Borkum 2 (E),DE,98.4,98.4,Senvion-6.2,105,54.0687,6.4928,133.0,171.0,54.0789,6.4897
trianelborkum2w,Trianel Borkum 2 (W),DE,98.4,98.4,Senvion-6.2,105,54.0342,6.4381,132.0,169.0,54.0362,6.4447
trianelborkumi,Trianel Borkum I,DE,200.0,200.0,Senvion-5,90,54.0462,6.4576,132.0,169.0,54.0362,6.4447
vejamate,Veja Mate,DE,402.0,402.0,REF-6.0,103,54.3181,5.8729,116.0,180.0,54.3131,5.8686
future065,Future_065,DK,,1755.0,IEA15,150,55.2219,8.079,169.0,226.0,55.2268,8.0959
dunkerque,Dunkerque,FR,,1005.0,IEA15,150,51.1474,2.3714,30.0,34.0,51.1458,2.3717
future095,Future_095,FR,,150.0,IEA15,150,51.0435,1.9374,18.0,29.0,51.0415,1.9371
amalia,Amalia,NL,120.0,120.0,V80_ECN,59,52.5884,4.2239,78.0,100.0,52.5788,4.227
borssele1,Borssele 1,NL,360.0,360.0,REF-8.0,116,51.7473,3.0601,48.0,61.0,51.7371,3.0569
borssele2,Borssele 2,NL,376.0,376.0,REF-8.0,116,51.635,3.0693,49.0,56.0,51.6238,3.0854
borssele3,Borssele 3,NL,396.0,396.0,V164-8.0,109,51.6689,2.9693,46.0,58.0,51.6716,2.9799
borssele4,Borssele 4,NL,320.0,320.0,V164-8.0,109,51.7362,2.8821,43.0,61.0,51.7417,2.8756
fryslan,Fryslan,NL,,356.0,SWT-4.0-130,115,53.0019,5.2631,105.0,121.0,53.01,5.28
future122,Future_122,NL,,3885.0,IEA15,150,55.0639,4.4409,77.0,211.0,55.0703,4.4425
future123,Future_123,NL,,4170.0,IEA15,150,54.7684,3.5202,54.0,196.0,54.7623,3.5128
future124,Future_124,NL,,3510.0,IEA15,150,54.4892,3.0846,44.0,183.0,54.4808,3.102
future125,Future_125,NL,,4965.0,IEA15,150,53.5784,3.3885,53.0,143.0,53.5737,3.3774
future126,Future_126,NL,,2745.0,IEA15,150,53.2921,3.2998,52.0,130.0,53.2828,3.317
future127,Future_127,NL,,3780.0,IEA15,150,54.0796,3.6725,60.0,166.0,54.0823,3.6865
future128,Future_128,NL,,4140.0,IEA15,150,54.5207,3.8379,63.0,186.0,54.5276,3.842
future129,Future_129,NL,,690.0,IEA15,150,54.2518,5.7232,112.0,177.0,54.2531,5.7059
future130,Future_130,NL,,1920.0,IEA15,150,54.4662,5.0504,94.0,185.0,54.4624,5.0366
future131,Future_131,NL,,2685.0,IEA15,150,54.6265,4.6929,85.0,192.0,54.633,4.7071
future132,Future_132,NL,,3075.0,IEA15,150,54.7874,4.7941,87.0,199.0,54.7869,4.8026
geminie,Gemini (E),NL,300.0,300.0,SWT-4.0-130,89,54.0383,6.0417,121.0,168.0,54.0351,6.022
geminiw,Gemini (W),NL,300.0,300.0,SWT-4.0-130,89,54.0345,5.8842,117.0,168.0,54.0425,5.8695
hollandsekustnoord,Hollandse Kust Noord,NL,,760.0,DTU10,119,52.7099,4.2597,79.0,106.0,52.7121,4.277
hollandsekustnoordwest,Hollandse Kust Noordwest,NL,,1515.0,IEA15,150,52.8993,4.1222,74.0,114.0,52.8982,4.1087
hollandsekustwestsitevi,Hollandse Kust West - Site VI,NL,,705.0,IEA15,150,52.7232,3.816,67.0,106.0,52.7272,3.8323
hollandsekustwestsitevii,Hollandse Kust West - Site VII,NL,,705.0,IEA15,150,52.6377,3.7094,64.0,102.0,52.641,3.7135
hollandsekustwestsiteviii,Hollandse Kust West - Site VIII,NL,,705.0,IEA15,150,52.5548,3.6077,61.0,98.0,52.5546,3.5951
hollandsekustzuidsitei,Hollandse Kust Zuid - Site I,NL,,450.0,DTU10,119,52.3732,4.0409,73.0,91.0,52.3832,4.0237
hollandsekustzuidsiteii,Hollandse Kust Zuid - Site II,NL,,320.0,DTU10,119,52.2912,3.9834,72.0,87.0,52.2946,3.9788
hollandsekustzuidsiteiii,Hollandse Kust Zuid - Site III,NL,,290.0,DTU10,119,52.2276,4.0148,73.0,84.0,52.226,4.0094
hollandsekustzuidsiteiv,Hollandse Kust Zuid - Site IV,NL,,480.0,DTU10,119,52.3306,4.1449,76.0,89.0,52.3345,4.1298
hollandsekustzuidwest,Hollandse Kust Zuidwest,NL,,1725.0,IEA15,150,52.3018,3.6403,63.0,87.0,52.3053,3.6484
ijmuidenversitei,IJmuiden Ver - Site I,NL,,1005.0,IEA15,150,52.8005,3.5542,59.0,109.0,52.8038,3.5412
ijmuidenversiteii,IJmuiden Ver - Site II,NL,,1005.0,IEA15,150,52.8377,3.4307,56.0,110.0,52.8295,3.4315
ijmuidenversiteiii,IJmuiden Ver - Site III,NL,,1005.0,IEA15,150,52.8814,3.6431,62.0,113.0,52.8902,3.6601
ijmuidenversiteiv,IJmuiden Ver - Site IV,NL,,1005.0,IEA15,150,52.9436,3.5185,58.0,115.0,52.9396,3.5149
ijmuidenversitevvi,IJmuiden Ver - Site V/VI,NL,,2505.0,IEA15,150,53.0421,3.7197,63.0,120.0,53.0462,3.7107
luchterduinen,Luchterduinen,NL,129.0,129.0,V112_ECN,81,52.4051,4.1631,77.0,92.0,52.4005,4.1729
owez,OWEZ,NL,108.0,108.0,V90_ECN,70,52.6071,4.4205,83.0,102.0,52.6169,4.4161
tennoordenvandewadden,Ten Noorden van de Wadden,NL,,705.0,IEA15,150,54.023,5.656,112.0,167.0,54.0291,5.6757
doggerbanka,Dogger Bank A,UK,,1200.0,DTU10,119,54.7695,1.909,13.0,195.0,54.7744,1.9158
doggerbankc,Dogger Bank C,UK,,1200.0,DTU10,119,55.0397,2.8227,36.0,208.0,55.0493,2.8308
doggerbanksoutheast,Dogger Bank South (East),UK,,1500.0,IEA15,150,54.5007,1.9038,13.0,183.0,54.5049,1.9035
dummy,Dummy,UK,10.0,10.0,DTU10,119,52.6702,1.7858,12.0,101.0,52.663,1.7863
eastangliahubonenorth,East Anglia Hub - One North,UK,,800.0,DTU10,119,52.3811,2.4311,30.0,89.0,52.3815,2.4382
eastangliahubthree,East Anglia Hub - Three,UK,,1400.0,DTU10,119,52.6652,2.8557,41.0,102.0,52.6645,2.862
eastangliahubtwo,East Anglia Hub - Two,UK,,910.0,DTU10,119,52.1626,2.2105,24.0,79.0,52.1611,2.206
eastangliaone,East Anglia ONE,UK,612.0,612.0,REF-6.0,120,52.2255,2.4936,32.0,82.0,52.2227,2.5029
future143,Future_143,UK,,660.0,DTU10,119,51.4407,1.634,9.0,47.0,51.4509,1.63
gallopern,Galloper (N),UK,228.0,228.0,REF-6.0,103,51.9513,2.0428,20.0,70.0,51.9615,2.0501
gallopers,Galloper (S),UK,108.0,108.0,REF-6.0,103,51.7732,2.0174,19.0,62.0,51.7824,2.0056
greatergabbardn,Greater Gabbard (N),UK,367.2,367.2,SWT-3.6-107,78,51.9182,1.9277,17.0,68.0,51.9184,1.9388
greatergabbards,Greater Gabbard (S),UK,136.8,136.8,SWT-3.6-107,78,51.7725,1.9623,18.0,62.0,51.783,1.9692
hornsea1,Hornsea 1,UK,1044.0,1044.0,REF-6.0,113,53.8833,1.9219,14.0,155.0,53.8754,1.9135
hornseaprojectthree,Hornsea Project Three,UK,,2400.0,DTU10,119,53.873,2.5372,30.0,155.0,53.8643,2.5231
hornseaprojecttwo,Hornsea Project Two,UK,,1390.0,DTU10,119,53.9402,1.6877,8.0,158.0,53.9461,1.6875
londonarray,London Array,UK,630.0,630.0,SWT-3.6-120,87,51.6256,1.4963,5.0,55.0,51.6327,1.4917
norfolkboreas,Norfolk Boreas,UK,,1800.0,DTU10,119,53.0384,2.9416,42.0,119.0,53.0455,2.9245
norfolkvanguardeast,Norfolk Vanguard (East),UK,,900.0,DTU10,119,52.8286,2.9251,42.0,109.0,52.8208,2.9095
norfolkvanguardwest,Norfolk Vanguard (West),UK,,900.0,DTU10,119,52.9121,2.4734,30.0,113.0,52.9207,2.4684
scrobysands,Scroby Sands,UK,60.0,60.0,V80_ECN,68,52.6456,1.7862,12.0,100.0,52.6405,1.7854
sofia,Sofia,UK,,1400.0,DTU10,119,54.9899,2.2285,21.0,205.0,54.9938,2.2393
thanet,Thanet,UK,300.0,300.0,V90_ECN,70,51.4304,1.6337,9.0,46.0,51.4285,1.6292
